movie_id,plot_keywords
0,"health, child, anything, unit"
1,"market, allow, follow, brother, mouth, white"
2,"once, person, create"
3,"power, major, stay, already, until, against, interest, crime, space"
4,"pull, entire, standard, shake, one, share, knowledge, work, series"
5,"standard, mouth, budget, system, them, without"
6,"soldier, image, measure, magazine, she, face, sea"
7,"pressure, look, evidence, some, leader, who"
8,"improve, various, each"
9,"fall, air, hour, view, father, particular, level, up"
10,"throughout, seven, father, American, commercial, lot, over, scene, current"
11,"each, certainly, east, actually, across, wind, enough, sea, study"
12,"within, body, dream, of, student, clearly, should, war, last, reach"
13,"read, read, expert, our, keep, source, practice"
14,"color, dream, late, amount, work, food, product, memory, animal, serious"
15,"marriage, kitchen, general, sea, hit, tree, star"
16,"according, them, anyone, word, war, action"
17,"common, film, recognize"
18,"indeed, customer, writer, future, our, hard, agree, alone"
19,"he, beautiful, shoulder, probably, necessary, spend, along"
20,"give, within, its, church, question"
21,"something, big, knowledge, word, cup"
22,"after, form, black, indeed, strong, individual"
23,"defense, stuff, such, direction"
24,"involve, happy, time, church, fall, population, of, name"
25,"home, mission, maintain, group, food, finish"
26,"trial, win, among, last, someone, heart, she"
27,"national, amount, clearly, general, law, western"
28,"home, across, trip, her, everything, hot, sense, report, child"
29,"discussion, husband, old, low"
30,"small, political, way, draw, specific, produce"
31,"region, and, everything, run"
32,"crime, phone, get, represent, kitchen, catch, subject, together, national"
33,"serve, century, walk"
34,"budget, lose, member, create, news, among"
35,"level, response, manage"
36,"south, field, easy, speak, everything, thought, able, why"
37,"early, professional, edge"
38,"yeah, face, program, cultural, west, old, across, discuss"
39,"model, rate, anything, letter"
40,"small, picture, community, commercial, hard, order"
41,"ok, cup, by, identify"
42,"tree, school, begin, happen"
43,"least, position, ability, company, stand, long, husband, news"
44,"might, act, major, evening, road, record, financial, particularly, situation, everybody"
45,"down, sport, never, production, pattern, total"
46,"indeed, sea, enjoy, tree"
47,"according, long, pay"
48,"both, front, main, quickly, color"
49,"minute, way, reflect, do, coach, practice"
50,"young, instead, west, his, fish, five, look, drive"
51,"thought, soon, return, every, everyone"
52,"four, tonight, trip, radio, company, way, such"
53,"possible, interest, so, window, serious, task, artist, feeling, break, become"
54,"arm, specific, attorney, matter, may"
55,"age, drop, dinner, yet, under, physical, start"
56,"medical, which, break, he, theory, see, member, look, apply"
57,"door, president, visit, other, say, smile, low, body, clearly, response"
58,"example, group, spring, seek, such"
59,"impact, education, reflect, pay, race"
60,"pattern, upon, ground, exist, investment, others, fire, seem, certain, take"
61,"single, matter, behavior, big, when"
62,"one, see, service, rate, let, space, off"
63,"animal, major, her, health, buy"
64,"feel, meeting, still, enjoy"
65,"successful, doctor, situation, daughter, morning, trade, nothing, send, according"
66,"agent, tree, life"
67,"commercial, trouble, break, one, at"
68,"place, office, agreement, have"
69,"couple, reveal, pretty, west, including, heavy, make, avoid, evidence"
70,"say, radio, cup, second, check, entire, man, check"
71,"page, hear, memory, create, order, peace, main, take"
72,"left, describe, support"
73,"cultural, science, either, because, knowledge, especially, show, picture, grow"
74,"teacher, hear, man, indicate, red, unit, entire, security, position"
75,"contain, air, name, skin, fear, night, personal, item"
76,"explain, fast, best, value, pull, first, those"
77,"relationship, budget, item, off, foot"
78,"century, young, source, real, rest"
79,"speak, address, coach, space, trouble, your, recognize, officer"
80,"establish, century, size"
81,"run, show, area"
82,"group, seat, trial, space, remain, life"
83,"up, I, ground, choose, because, minute"
84,"letter, book, building, couple, government, cut, miss, a"
85,"blue, foot, learn, quickly, age, your, family, knowledge, yeah, card"
86,"analysis, sport, finish, teacher, politics, here, official, half, smile"
87,"somebody, daughter, discussion, loss, significant, answer"
88,"pressure, our, five, factor, amount, green, use, live, fill, marriage"
89,"daughter, foot, skill, activity, article"
90,"both, population, last, exactly, represent"
91,"between, onto, everyone, same, force, too, food, thousand"
92,"scientist, recognize, key, senior, scene, can"
93,"television, determine, model, learn, face, officer, high, base"
94,"give, which, professional, gun, recognize, attention"
95,"image, consider, save, anything, do, standard"
96,"if, available, home, pick, wonder, data, few, traditional"
97,"this, light, plan, individual, rock, detail, total, single, without"
98,"girl, capital, easy, book, child, cultural"
99,"order, relate, someone, officer, eye, race, yeah, wind"
100,"future, ability, return, when, poor, why, score"
101,"clear, move, bar, movie"
102,"effect, out, cultural, development, human"
103,"sure, able, discuss, interest, artist, its, Democrat, personal, gun"
104,"player, care, thought, recognize"
105,"everybody, manage, dinner, lay, raise, quickly, particularly, government, our, truth"
106,"catch, follow, fear, film"
107,"during, knowledge, ask, lawyer, reality, they, mean, magazine"
108,"too, left, teach, weight, any, guess, another"
109,"send, seven, all, drug, develop, point, even, arrive, must, crime"
110,"necessary, until, paper, avoid"
111,"top, face, worker"
112,"modern, letter, would, quickly, president, send"
113,"serious, kitchen, pay, analysis"
114,"American, event, available, door, near"
115,"small, project, act, up"
116,"call, option, American, need, white, physical, guy, fight, seat, security"
117,"food, staff, simply, sit"
118,"ahead, just, similar"
119,"radio, after, final"
120,"it, professional, market, second"
121,"agree, practice, claim, base, time, story, least, new, president"
122,"most, anyone, allow"
123,"defense, financial, three"
124,"site, floor, commercial, time, hear, to, animal"
125,"from, action, also, poor, agree, those, situation"
126,"even, real, discuss, modern, officer, public, relate"
127,"today, case, suddenly, moment, her, eye"
128,"behind, question, into, choose, account, from"
129,"coach, ago, interesting, year, land, behind, score, certainly"
130,"resource, read, a"
131,"understand, truth, none, adult, them, baby, Republican"
132,"lead, want, paper, weight, painting, anyone, enter, activity, purpose"
133,"its, artist, four, beyond, hit, war, Mr, can, but, wrong"
134,"ten, behavior, one, general, want, family, art"
135,"set, course, bar, three, radio, front, eat"
136,"morning, wind, environmental, dinner, find, always, west, decision"
137,"family, concern, certain"
138,"loss, consider, generation, well, center"
139,"goal, great, mother, wear, miss, week, great, quickly"
140,"available, from, guess, artist, commercial, itself, myself, couple, friend, accept"
141,"game, learn, few, glass, know"
142,"remain, test, site, community, watch, today, sport"
143,"color, outside, house, you, turn"
144,"authority, important, job, assume, information, institution, administration, tend, brother"
145,"trip, response, before, life, open, capital, common, cause"
146,"husband, cost, successful, note, prove, leader, discuss, myself"
147,"quickly, decade, tough, identify, may, something"
148,"trial, baby, central, provide, rock, focus, middle, response, certain"
149,"cut, too, side, stand, team, population, example, provide, attorney, study"
150,"dinner, rule, consider, between, something, however"
151,"difficult, culture, clearly"
152,"family, dinner, real, nation"
153,"consumer, realize, change, production, fill, what, hundred"
154,"price, thank, great, option"
155,"pretty, economic, cost, treat, expect, painting, almost, explain, relate"
156,"next, type, in, especially, seat, where, father, figure, staff, design"
157,"than, after, another, reveal, successful, business, factor, identify, resource, company"
158,"maybe, wife, magazine, bed, game, security, easy, life, box"
159,"yard, or, ability, only, court, care, whole, bring, imagine"
160,"business, avoid, several, former, collection, officer, now, expert, offer, policy"
161,"suggest, price, office, real, claim"
162,"close, minute, early, yes"
163,"institution, far, instead, military, worry, customer, should, eye, fast, recent"
164,"school, point, office, establish, get, decision"
165,"every, first, north, try, authority"
166,"fight, last, surface, room, war, subject, choose, last, serious"
167,"condition, minute, business, or, whose, the"
168,"let, actually, such, enter, account, girl, not, on, someone, red"
169,"water, almost, real, truth, current, thank, suddenly, admit"
170,"common, what, money, later, again, practice, to, practice"
171,"begin, ahead, very, own, what, how, less"
172,"toward, forward, available, trade, cause, manage, add, probably, memory, effect"
173,"blood, time, charge, consider, sit, state, food, or"
174,"least, management, evening, nor, choose"
175,"month, deal, I"
176,"win, want, fine, marriage, thing, social, during"
177,"benefit, our, short, region"
178,"significant, nothing, light, how, partner, ball, oil, talk, bag, feeling"
179,"address, reason, probably, impact, role, low"
180,"specific, tax, blood, build, field, control, else, possible"
181,"foreign, talk, any, sign, this, economy"
182,"for, star, just, indicate, daughter, positive, foreign"
183,"loss, kitchen, agreement"
184,"present, about, shake, simple, job"
185,"both, pressure, find, your, bill, thousand"
186,"individual, summer, crime, knowledge, religious, history, new"
187,"in, give, case, card, land, kind, from, subject"
188,"soon, later, candidate, section, total"
189,"attack, only, social, section, official, item, participant, relate"
190,"available, brother, least, forget, by, believe, develop"
191,"sound, operation, beat, hair"
192,"guy, green, fund, wall, everybody"
193,"conference, to, tell, it, food, fall"
194,"its, lot, woman, so, front, away"
195,"conference, lay, past, discuss"
196,"against, item, huge, nothing, can"
197,"war, list, PM, adult"
198,"follow, group, six, consider, school, itself"
199,"national, news, both, art, specific"
200,"head, billion, stock, base, too, quality, analysis, method"
201,"forget, player, to, finish, develop, especially, almost, as, nice"
202,"forget, stop, left, we, child, determine, experience, maintain, take, century"
203,"level, music, their, thousand, since"
204,"top, work, star"
205,"inside, speech, politics, number, sell, or, red, should, officer"
206,"third, ever, to, current, imagine, admit, for"
207,"upon, area, of, event, wonder, position, company"
208,"alone, relate, man, last, message, work, let, down"
209,"according, action, trade"
210,"already, sit, information, usually, candidate"
211,"receive, spend, TV, me, push, draw"
212,"third, where, citizen, high"
213,"various, effort, beyond, ok, recent"
214,"money, during, its"
215,"their, size, one, option, hope, policy"
216,"within, despite, agent, letter, she, us, that, beautiful, area"
217,"weight, pretty, economic, capital, card"
218,"view, letter, often, mission, available, must, challenge, all, lead, cup"
219,"star, business, positive, likely, realize, represent, still, official, approach, include"
220,"address, base, property, federal"
221,"act, among, natural, rest"
222,"draw, whose, someone"
223,"official, office, stage, free, officer"
224,"town, seat, well, memory, director, may, stage, attention, box, north"
225,"base, during, church, forget, town"
226,"military, money, practice"
227,"which, commercial, if, significant"
228,"guy, rate, authority"
229,"resource, out, meet, exactly"
230,"protect, purpose, meeting, same"
231,"adult, improve, purpose, early, goal, herself, go, good, scientist"
232,"box, four, apply, speak, common, role, seven, successful, boy"
233,"standard, season, state, know, director, force, prevent"
234,"order, expert, wear, recently, attention"
235,"experience, daughter, nothing, miss, piece"
236,"could, glass, whom, statement"
237,"building, by, run, dog, sport, accept, account, value, role"
238,"exist, stand, choice, quickly, down, like, young"
239,"reality, home, task, exist, tonight"
240,"argue, note, great, while, huge, natural, lead"
241,"forward, wrong, TV, government, win, record, among, within, model"
242,"culture, back, Democrat, within, mission, individual, offer, world, option"
243,"growth, since, quality, manage, group, news, experience"
244,"pass, resource, trial, stuff, level, clearly, south, work"
245,"center, room, wonder, those, several, until, gun"
246,"win, plant, drive, crime, have, deep, bank"
247,"also, network, common, day, own, kind, national, control"
248,"program, PM, then, into"
249,"knowledge, great, business, between, he, discover, under"
250,"past, minute, recognize"
251,"his, speech, their, manage, clearly"
252,"decision, grow, from, enjoy, oil, administration, adult"
253,"myself, big, west, view, body"
254,"answer, mouth, week"
255,"like, at, I, suffer, vote, question, task, wish"
256,"forget, network, buy, pressure, tax, part, middle, despite, skill"
257,"leave, air, property, nor, hit, hair, already, coach, responsibility, course"
258,"down, simply, play, rule, join, offer, tree, fact, wear, father"
259,"beautiful, sister, phone, movement, think, scene, phone, hit"
260,"cold, eat, yourself, pattern, draw, these, chair, collection"
261,"story, coach, TV, list, involve, discuss"
262,"much, alone, quite, simply, stage, him, mother, put, world"
263,"perform, expect, head, television, paper, blood, garden, else, rule, mean"
264,"chair, put, accept, success, evidence, executive, cultural, man, kitchen"
265,"final, draw, base"
266,"dinner, difference, play, ball, woman, wear, so, decision, feeling"
267,"bit, both, detail"
268,"move, plan, season, price, camera, join, do, experience, whom"
269,"whether, middle, box, blood, involve, someone, investment"
270,"manager, take, study, middle, large"
271,"strong, we, reach, prove"
272,"practice, paper, line, reality, camera, image, sort, final"
273,"avoid, energy, writer, provide, able, image, leg"
274,"cost, ok, herself"
275,"benefit, response, similar, wife, tough, do, risk"
276,"lead, grow, they"
277,"nothing, door, help, sign, sell"
278,"analysis, what, room, send, degree, research, concern, least, debate, whole"
279,"professional, economy, expect, none"
280,"room, forget, without, money, room, one, believe, law, social"
281,"believe, pull, image, society, beat, gas, fall, through, authority, election"
282,"area, current, memory, only, rule, actually, western, official"
283,"could, song, interest, down, memory, early"
284,"stage, authority, kitchen, tax, everyone, fly, vote, name, already"
285,"baby, series, reveal, national, follow, year, moment, since"
286,"close, small, board, score, resource"
287,"individual, smile, join"
288,"probably, live, bank"
289,"strategy, although, fire, could, probably, few, record, prove"
290,"service, reach, total, field, test, buy, care, early, it"
291,"or, during, mission, win, expert, local, suffer"
292,"look, share, administration, involve, security, city, east, outside, believe, anything"
293,"people, agent, side, at, husband, everything, art, fear, become"
294,"water, believe, impact, begin, policy, town, scientist"
295,"area, form, later, ready, society, new"
296,"treat, or, kind, forget, design, kid"
297,"security, then, idea, direction, statement, officer, chance, scientist, increase, medical"
298,"scientist, run, charge, health, those, building"
299,"various, method, start, week, mean, push, easy, recently"
300,"customer, southern, several, event, to"
301,"personal, man, catch, article, commercial, almost, appear, sort"
302,"response, soon, both"
303,"himself, eat, person, may, receive, Republican"
304,"administration, present, range, military, walk, box, activity, four, major, trade"
305,"edge, sea, simply"
306,"debate, upon, health"
307,"summer, all, soon, possible, management, day, theory, learn"
308,"majority, here, stop, front, another, school"
309,"color, usually, rise, return, later, may, move, enter"
310,"financial, street, quite, enjoy"
311,"affect, assume, special"
312,"difficult, visit, business, else, heavy, care"
313,"cell, animal, maintain, per, reality, American, rise"
314,"her, crime, according"
315,"kitchen, involve, create, thank, policy, wear, institution"
316,"radio, seat, bit, major, deep, think, road, staff, degree"
317,"effect, nearly, page, world, care, remain, never, summer, PM"
318,"politics, no, local, institution, seat, appear, real, technology, military"
319,"power, president, style, car, direction, book, yeah, develop, nice, three"
320,"improve, painting, realize"
321,"those, reality, minute, early, best"
322,"discover, race, usually"
323,"some, despite, box, memory"
324,"rule, million, argue, forward, series"
325,"able, create, nothing, yard, toward, lead, ago"
326,"sing, despite, level, crime"
327,"financial, popular, wait, movement, family, company"
328,"state, carry, kitchen, garden, employee, candidate, me, able, place, stage"
329,"away, hit, or, forward, as, light, relationship, throw, onto, beyond"
330,"community, drop, respond, ten, Republican, admit"
331,"wonder, speak, admit"
332,"report, order, face, occur, hear, everything, become, threat, so"
333,"protect, also, throw"
334,"probably, sound, brother, question"
335,"just, reality, it, commercial"
336,"produce, carry, arrive, produce, catch, image, recently, do"
337,"data, evidence, social, land, fill, imagine, sort, body, create, manage"
338,"entire, painting, available, happy, laugh"
339,"election, agent, performance, important, test, beyond, media"
340,"task, commercial, technology, common, admit, tree, talk, relationship, article, either"
341,"believe, or, property, only, toward, though, soon, throw, image"
342,"return, budget, your"
343,"try, pressure, condition"
344,"trial, court, actually, never, under"
345,"baby, out, argue, PM, beat, poor"
346,"their, together, move, pressure, suffer"
347,"sister, husband, throw, garden, tax, indeed, friend, positive"
348,"probably, marriage, offer, system, order, quickly, eat, effect, put, above"
349,"who, morning, different, nothing, point, Mrs, down"
350,"arrive, according, service"
351,"event, assume, early, seat"
352,"north, detail, safe, appear, stand, explain, camera, politics"
353,"when, military, somebody, three, provide, significant, imagine, firm, by"
354,"house, per, appear, any, situation, city, himself, training, decade"
355,"wait, hard, country, form, interview"
356,"no, low, sure, hear, positive, season, late"
357,"member, similar, participant, allow, by, become, within, their, worry, drive"
358,"whole, find, watch"
359,"sell, wife, weight, decade, public, face, store"
360,"tough, attack, add, able, vote, debate, rich, city"
361,"check, reach, go, their, prepare"
362,"through, surface, ok, challenge, else, them, recent, water, year, city"
363,"appear, red, development, we, fill, daughter, pass"
364,"prevent, truth, budget, together, how, health, born"
365,"particularly, body, out, phone, dog, view"
366,"feeling, mission, serious, why, stock"
367,"learn, major, interview, seat, character, relate, Mrs, then"
368,"visit, tell, kid, financial, set, discussion, clear, soon, call"
369,"those, sort, character, finish, again, those"
370,"speak, capital, study, run, give, message"
371,"mother, account, property, turn, season, pressure, Congress"
372,"wide, sit, also, book, sign, so, important"
373,"professor, plant, another, dark, war, at, western"
374,"especially, this, it, response, behind, organization, top, court"
375,"factor, meeting, lawyer, high, my, effort, discussion, beat, dog, about"
376,"blood, successful, at, night, trial, system, write, spend, forward"
377,"sense, thus, necessary, run, film, decide, radio, ball"
378,"media, down, beautiful, poor, agreement, against, threat, trip"
379,"man, grow, school, amount, key, environmental, we, current, plant, whether"
380,"hotel, sea, response, add, try, deep, how, responsibility, mention, past"
381,"security, part, coach, executive, get, staff, drug, specific, bed"
382,"message, thought, grow, result, onto, military, relationship, ground, identify, choose"
383,"five, as, measure, coach, before"
384,"remember, within, media, traditional, training, instead, east, add, already"
385,"development, on, fast, box, build, sign"
386,"Congress, same, skin"
387,"protect, measure, public, exactly, style, pay, statement, raise, start"
388,"least, data, town"
389,"medical, few, finish, single"
390,"apply, executive, easy, conference, box, two"
391,"red, seek, somebody, majority, truth"
392,"stay, see, peace, happen, like, shoulder, north, lose, at"
393,"people, require, may, believe, TV, investment, may, democratic, look, three"
394,"finally, sense, enough, happy, authority, voice, inside"
395,"thought, series, parent, couple, customer, cold, daughter"
396,"tend, population, bar, politics"
397,"consider, single, where"
398,"improve, system, receive, several, central, receive, son, mind, democratic, white"
399,"exist, value, quality, age, technology, stay, reason"
400,"music, day, half"
401,"foreign, week, peace, line, economy, threat, rule"
402,"section, only, production, actually, kind, increase, senior, speak, control, entire"
403,"admit, trouble, account, themselves, never, kitchen, throw, position, down, school"
404,"anyone, we, key, half, series, head, there, report, government, indicate"
405,"behind, fast, pretty, describe, consider"
406,"risk, wind, everything, raise, use, away, option, man, soon, down"
407,"president, compare, just, without, address, conference, statement, southern, still, good"
408,"hear, however, let, product"
409,"our, design, site, marriage, age, let, more"
410,"anything, fact, before, evening, subject"
411,"show, example, technology"
412,"minute, act, heart, bank, PM"
413,"yard, name, institution, thousand, before, lay"
414,"contain, hear, popular, cost"
415,"collection, pattern, discuss"
416,"speak, sometimes, pretty"
417,"including, movie, project, lay, toward"
418,"their, machine, data, entire, threat, who, enter"
419,"crime, outside, suddenly, beautiful, stay"
420,"probably, because, dark"
421,"stop, top, what, begin, result, ten"
422,"ten, so, project, hundred, perhaps"
423,"nearly, edge, program, character, claim, high, end, simply, compare, sit"
424,"my, have, site, effort, various, bar, government, well, indeed"
425,"camera, woman, resource, religious"
426,"PM, feeling, yes, their, here, management, business, everybody, turn, fly"
427,"evening, fact, here, themselves"
428,"company, language, everyone, community, occur, exist, floor"
429,"address, debate, act, former, officer, out, choice, feeling, other, put"
430,"account, voice, project, system, religious, school, compare"
431,"expect, game, range, land, staff, administration, check, perhaps"
432,"hard, set, cost, charge, rich, able, important"
433,"weight, member, opportunity, music"
434,"fight, ago, hope, drop, newspaper, rule, sometimes, call, hit, tell"
435,"wonder, own, turn, political"
436,"north, next, single, anyone, stay, customer, drug, drop, movement, thus"
437,"guy, growth, threat, draw, not, seven, school"
438,"season, because, including, growth, thought, impact"
439,"environmental, treatment, chair, doctor, church, fill, shoulder"
440,"lose, guy, PM, soldier, market, reduce, war, ready"
441,"cultural, beautiful, around, ask, land, them, professional, marriage, or, almost"
442,"machine, yet, fire, sense, back, finish, activity, read, represent"
443,"measure, true, race, site, amount, pattern, notice"
444,"I, design, performance, travel, laugh, only"
445,"grow, bar, expert, he, analysis, most, third, reach, international, offer"
446,"but, foot, control, point"
447,"size, plant, on, carry, story, business, star, free, country, could"
448,"cut, letter, economic, recently, include, sometimes"
449,"reality, address, they, way"
