movie_id,title,budget,revenue,release_date,language,production_country,production_company
0,Polarized zero tolerance strategy,74406980.19,107276892.9,1994-03-18,ln,Comoros,"Brewer, Reed and Estrada"
1,Organized mission-critical core,40450697.68,174174991.0,2005-04-16,tt,Rwanda,Franco-Martin
2,Cross-platform executive superstructure,69464885.4,584591139.11,2011-06-13,tig,Croatia,"Cruz, Moore and Ramirez"
3,Persistent 24/7 infrastructure,31477217.86,927037373.58,1996-06-25,ka,Cook Islands,Owens and Sons
4,Monitored tertiary definition,22379478.61,813270761.88,2012-08-17,bn,Central African Republic,"Greene, Estes and Mclaughlin"
5,Operative executive leverage,40723447.75,849603981.75,2013-02-27,ha,Mozambique,"Hanson, Gonzalez and Turner"
6,Cloned 5thgeneration model,43010541.96,57233401.65,2005-04-17,tg,Saint Kitts and Nevis,"Smith, Bailey and Bell"
7,Fundamental actuating adapter,36915145.12,670326516.2,2004-09-15,ckb,Guinea-Bissau,Boyd-Sutton
8,Devolved empowering contingency,62745385.88,937116476.72,2019-06-24,hu,Equatorial Guinea,Johnston-Garcia
9,Optional zero tolerance orchestration,53269550.1,888419563.47,1996-12-27,sl,Grenada,Gonzalez-Rodriguez
10,Multi-channeled actuating Graphical User Interface,90495188.67,250211938.17,2003-01-30,sc,Qatar,"Collins, Martinez and Palmer"
11,Virtual bandwidth-monitored service-desk,11732861.49,655966518.74,2014-08-23,ss,Taiwan,Kelly Ltd
12,Extended real-time matrices,68187311.73,928850595.94,2019-11-07,sr,Cook Islands,Smith and Sons
13,Extended zero-defect knowledgebase,88899375.02,634552230.87,2012-05-18,shs,Mali,Ayers and Sons
14,Stand-alone background collaboration,73342665.03,204914198.43,2003-01-28,bg,Switzerland,Fernandez Ltd
15,Persevering didactic archive,82695113.56,346311280.01,2011-11-29,ks,Mayotte,Parks-Todd
16,Object-based asymmetric moderator,63255041.71,618846318.5,2014-04-05,bho,Pitcairn Islands,Kirby LLC
17,Versatile 24/7 matrices,43643138.05,798242208.07,2021-12-17,ia,Hungary,"Cordova, Rodriguez and Smith"
18,Versatile zero-defect paradigm,21331224.05,478421944.78,2018-09-14,as,Anguilla,Valdez and Sons
19,Networked leadingedge process improvement,98755143.27,762191276.41,2004-03-04,nr,Kyrgyz Republic,Gonzalez Inc
20,Automated hybrid circuit,3163351.3,579978185.69,2020-10-26,shs,Mauritania,"Huff, Hernandez and Nguyen"
21,Advanced client-driven open system,52322446.25,987659930.3,2008-11-21,ro,Iceland,Clayton Inc
22,Up-sized explicit algorithm,91892797.71,268737041.28,1998-09-23,pl,Tonga,Ward-Rodriguez
23,Upgradable actuating challenge,37180398.26,791258837.16,2000-05-04,fa,Brazil,"Sanders, Miller and Hebert"
24,Front-line discrete infrastructure,33234651.48,534732754.49,2020-10-06,sd,Colombia,"Tucker, Perry and Sosa"
25,Assimilated client-server focus group,40160134.9,530326388.61,2002-04-14,wa,Cambodia,Wright Group
26,Integrated disintermediate success,77620694.75,426512777.04,2014-09-09,niu,Norway,Rios-House
27,Implemented solution-oriented migration,88222880.4,476032029.61,1995-06-09,ml,Albania,"Green, Rodriguez and Jones"
28,Face-to-face leadingedge open architecture,80586025.25,366678306.47,2001-02-20,ks,Poland,Williams Ltd
29,Expanded reciprocal website,67063765.89,741408072.04,2018-06-09,hr,United Arab Emirates,"Lane, Clay and Gutierrez"
30,Horizontal bandwidth-monitored focus group,11172872.97,983240169.22,2021-12-11,tr,Dominica,Snyder and Sons
31,Versatile directional leverage,69052155.72,389315620.29,2020-11-09,fa,Belarus,James LLC
32,Function-based optimizing toolset,13387290.83,769416971.63,2001-07-03,pa,Cambodia,Hunt-Santos
33,User-centric background productivity,44778844.2,30761269.08,2005-07-28,or,Vietnam,Chandler-Carpenter
34,Streamlined mission-critical benchmark,49241988.43,761609631.44,2022-09-20,sv,Congo,Mendoza-Hayes
35,Face-to-face attitude-oriented open architecture,99140818.46,885039410.6,2013-06-26,bn,Dominica,White PLC
36,Face-to-face upward-trending open system,42281325.26,815228204.0,1997-07-20,tr,Denmark,Garner-Lane
37,Fundamental systemic moderator,87902353.41,516166476.18,1994-03-12,bo,United States Minor Outlying Islands,Barnett-Gray
38,Face-to-face object-oriented utilization,5153459.23,640407659.95,2014-12-24,pap,Colombia,"Thomas, Torres and Johnson"
39,Monitored radical system engine,55222355.23,946608359.22,2018-11-08,az,Cameroon,Dunn-Ellis
40,Persevering transitional implementation,51733909.8,187780664.19,2014-01-24,cv,Timor-Leste,Martinez LLC
41,Multi-lateral incremental array,36708356.44,849946502.28,2021-02-24,zu,Burkina Faso,"Wheeler, Martinez and Beck"
42,Devolved asymmetric open system,16853888.39,918175240.56,2005-06-22,mag,Korea,Long Ltd
43,Fully-configurable system-worthy access,51629413.24,62956097.23,2004-08-08,gl,Hong Kong,Williams PLC
44,Expanded demand-driven methodology,31493803.33,720322662.73,1996-01-12,ar,Colombia,Hood PLC
45,Seamless maximized portal,94394445.69,975309822.33,2006-07-04,fa,Zambia,Ramirez-Lewis
46,De-engineered human-resource model,2725458.64,371347881.87,1993-11-01,id,Micronesia,"Phillips, Luna and Rivera"
47,Operative asynchronous circuit,69587935.42,867657798.52,2014-06-13,sa,Kyrgyz Republic,"Lane, Smith and Johnston"
48,Seamless high-level definition,41768094.14,63222341.57,2022-10-13,it,Gambia,Moreno LLC
49,Open-source user-facing hierarchy,32090916.76,955009533.24,1997-02-23,id,Palau,"Smith, Russell and Rivera"
50,Secured value-added instruction set,44729457.05,5698792.68,1997-02-23,be,Switzerland,"Rice, Clark and Martinez"
51,Triple-buffered context-sensitive pricing structure,90657131.95,500515188.54,2017-06-08,mni,Guatemala,Davis-Rose
52,Robust cohesive open architecture,59524314.75,526432863.39,2013-09-15,bn,Sao Tome and Principe,"Page, Wang and Perry"
53,Integrated radical task-force,33400856.5,821125184.9,2006-04-27,km,Hungary,"Martin, Clark and Lee"
54,Advanced user-facing success,57617036.65,92249633.74,2013-02-14,el,South Georgia and the South Sandwich Islands,Simmons-Johnson
55,Monitored global project,47413441.23,570576901.96,2002-05-14,mni,Macao,Lopez and Sons
56,Decentralized reciprocal application,61125047.37,879782825.42,1994-05-09,kn,North Macedonia,Moore-Leonard
57,Total hybrid hardware,5968617.66,766122698.49,2020-07-26,st,Hong Kong,Delgado and Sons
58,Devolved multimedia middleware,97616810.38,97357471.49,2008-12-15,bem,Congo,"Mitchell, Smith and Jones"
59,Expanded intermediate function,20354076.05,24329257.74,2023-01-27,tig,Tajikistan,"Robinson, Malone and Morton"
60,Ameliorated dynamic policy,89064263.96,257453961.46,2010-05-06,ur,Morocco,Warner LLC
61,Intuitive full-range workforce,99599322.41,437330377.63,2005-12-21,is,Monaco,"Graham, Richardson and Cole"
62,Versatile composite structure,63342085.44,735508726.97,2010-05-13,gv,Malawi,Brady Inc
63,Horizontal well-modulated adapter,25677558.39,663651559.26,2023-01-27,so,Swaziland,"Thomas, Klein and Carson"
64,Front-line disintermediate budgetary management,72085734.02,956263286.55,1997-05-18,ug,Tunisia,"Bush, Collins and Mcdowell"
65,Optimized tertiary infrastructure,53242363.33,245883128.02,2019-12-01,tr,Kenya,Howell-Dominguez
66,Right-sized responsive functionalities,65291353.51,23927224.23,2002-05-17,ayc,Bosnia and Herzegovina,"Elliott, Grant and Johnson"
67,Multi-layered needs-based matrix,99751074.53,527698363.94,1995-01-10,kk,Papua New Guinea,Hicks-Scott
68,Networked 5thgeneration methodology,26460533.74,201160936.8,2005-11-15,dz,Norfolk Island,Conrad-Barajas
69,Extended 6thgeneration policy,65814410.2,96042906.44,1993-11-25,sc,Mauritius,"Leonard, Guerrero and Rios"
70,Virtual maximized middleware,38520782.96,572839273.22,2018-04-04,th,Bahrain,Wheeler-Green
71,Ergonomic 4thgeneration superstructure,26133881.98,615481788.33,1995-03-01,yi,Brunei Darussalam,Mitchell-Mclean
72,Multi-layered holistic orchestration,73814980.39,943451659.07,2009-02-18,tr,Norfolk Island,Flynn Ltd
73,Managed neutral frame,53153984.65,44340255.67,1996-11-23,yue,Ireland,Byrd Group
74,Integrated empowering circuit,48800192.35,103470635.22,1997-03-21,sk,Gambia,Walker and Sons
75,Configurable radical paradigm,7186489.93,150385327.57,2003-04-13,tl,Chile,"Norris, Mcdaniel and Barr"
76,Digitized non-volatile analyzer,34501495.25,38409665.02,2013-10-24,lzh,Vietnam,"Lee, Fox and Patton"
77,Horizontal foreground project,84993162.19,219423700.31,1995-12-18,nl,North Macedonia,Delgado-Erickson
78,Distributed systemic time-frame,26898701.42,960588774.17,2018-03-13,ht,Bosnia and Herzegovina,Vasquez-Morris
79,Monitored systematic matrix,14141290.3,211723168.83,2014-08-06,yi,Moldova,Collins-Chavez
80,Versatile user-facing groupware,13243467.68,894965220.1,1997-12-08,or,Nauru,"Davis, Rasmussen and Michael"
81,Multi-tiered encompassing knowledge user,10967123.56,97431953.84,2012-03-26,ckb,Northern Mariana Islands,"Boyd, Mcgrath and Myers"
82,Multi-channeled heuristic throughput,87073497.49,421054657.52,2014-04-13,bo,Bahamas,Simpson-Little
83,Persevering asynchronous analyzer,88894813.75,102118695.79,2010-07-21,ckb,Turks and Caicos Islands,Turner Ltd
84,Horizontal foreground array,76983433.43,534580016.76,2011-03-29,te,Mongolia,"Smith, Graham and Martin"
85,Cloned didactic orchestration,12258645.03,483307784.02,2006-05-11,en,Jordan,"Wang, Perry and Johnson"
86,Assimilated 24hour software,18487686.83,333188543.64,2012-02-25,az,Northern Mariana Islands,Miller LLC
87,Versatile secondary support,8397084.82,234162939.02,1999-03-06,os,Uganda,Ayala-Hill
88,Programmable human-resource definition,63259014.72,314033179.61,2000-06-10,iw,Equatorial Guinea,"Weaver, Savage and Barnett"
89,Object-based actuating functionalities,41147217.53,23912548.47,1997-01-02,tg,Croatia,Hall-Blake
90,Multi-layered background support,52065248.07,491924866.78,2019-12-24,ckb,South Georgia and the South Sandwich Islands,Smith Inc
91,Integrated object-oriented budgetary management,8034685.6,898870079.63,2022-04-16,wo,Poland,Page LLC
92,Down-sized tangible migration,32569205.06,58839830.4,2006-04-10,ps,Denmark,Simmons and Sons
93,Devolved bi-directional pricing structure,84444356.19,180190513.48,2013-06-13,li,Venezuela,Holmes-Arellano
94,Integrated asymmetric frame,65403086.45,793295200.45,2012-01-25,hak,Georgia,Taylor Inc
95,Virtual next generation firmware,62551491.19,300262100.58,2000-08-02,lb,Montserrat,Rodriguez-Jones
96,Multi-layered asymmetric matrices,90046531.18,262227864.4,2002-06-17,ts,Cote d'Ivoire,Harvey-Clark
97,Grass-roots mobile Graphic Interface,16621900.75,901935356.88,2022-04-28,kn,Japan,Ryan-Wilson
98,Front-line national data-warehouse,17684976.3,868362268.09,1998-07-27,vi,Netherlands,Lewis-Ross
99,Expanded 5thgeneration superstructure,97215491.09,837624624.62,1997-08-04,mi,Slovakia (Slovak Republic),Griffin-Velez
100,Polarized interactive protocol,46582074.69,336178607.55,2001-03-04,iu,Nauru,Boyd-Gray
101,Multi-layered even-keeled encryption,28655196.07,28595295.83,1999-07-31,be,Afghanistan,"Valdez, Osborne and Patterson"
102,Ergonomic fault-tolerant knowledge user,16802189.23,638715478.63,2019-06-22,mg,French Guiana,"Williamson, Reed and Hart"
103,Up-sized next generation moderator,72117011.99,111004261.3,2019-07-12,ayc,Venezuela,Beard-Hernandez
104,Upgradable tertiary leverage,83739639.09,921934971.74,2021-11-28,ug,Andorra,Ruiz Ltd
105,Advanced mobile algorithm,10534809.43,490550230.62,1999-02-19,tig,Niue,Carlson Ltd
106,Down-sized secondary customer loyalty,56329508.12,787585139.88,2020-06-16,te,Central African Republic,"Nguyen, Farmer and Morris"
107,Enhanced stable instruction set,84511597.67,548500608.36,1994-01-19,ga,Anguilla,Smith and Sons
108,Organized bifurcated Local Area Network,37486393.49,73009915.84,2009-02-13,zh,Kenya,"Williams, Smith and Greene"
109,Team-oriented bi-directional synergy,38772420.31,599183741.46,2019-08-19,mk,South Africa,"Martin, Wagner and Fletcher"
110,Pre-emptive static frame,6599447.11,122367264.36,2020-06-12,sid,Iran,Hodges-Munoz
111,Organized hybrid concept,48343483.2,360375913.03,1998-08-15,ku,Liberia,Williams PLC
112,Face-to-face maximized budgetary management,1264775.85,42557354.25,2003-06-06,nds,Lithuania,Walker-Haley
113,Ergonomic incremental middleware,31314860.02,113186409.68,2023-09-15,mn,Saudi Arabia,"Anderson, Collins and Young"
114,Quality-focused bottom-line benchmark,80056462.52,465596137.57,2002-04-27,hsb,Suriname,Cook-Ross
115,Triple-buffered attitude-oriented solution,87566993.8,168690169.9,2020-07-24,ml,Palestinian Territory,"Dunn, Jackson and Fox"
116,Face-to-face 5thgeneration solution,29448495.68,314834993.0,1997-03-23,tk,Netherlands,Payne-Ross
117,Up-sized global instruction set,60699984.64,980150951.66,2003-02-07,kn,Algeria,Valenzuela Ltd
118,Integrated dedicated migration,48356461.03,690434466.29,1995-03-13,lv,Saint Helena,Bonilla-Michael
119,Horizontal next generation migration,91923676.58,689722144.38,2012-11-12,bo,Cote d'Ivoire,"Baker, Lyons and Gomez"
120,Customer-focused tertiary extranet,80037914.32,464582096.21,2017-01-10,vi,Saint Lucia,"Horton, Gamble and Thompson"
121,Profound zero administration info-mediaries,70072950.88,716831970.47,1993-12-26,aa,United States Virgin Islands,Smith-Stevenson
122,Object-based actuating functionalities,34779416.14,970233546.26,2004-01-16,gez,Comoros,"Ruiz, Adams and Taylor"
123,Proactive intangible installation,73957146.89,561728977.36,2021-09-26,tt,Kuwait,Pacheco Ltd
124,Decentralized holistic ability,92844564.51,842108164.92,2015-09-04,kw,Dominica,Chase-Hughes
125,Advanced stable middleware,75715050.89,328898829.99,1998-05-12,is,Uganda,Santos-Paul
126,Synergized user-facing firmware,74921605.52,754594232.55,2012-12-13,quz,Turkey,Barnes-Jensen
127,Diverse dedicated strategy,45761707.22,595277351.95,2009-04-19,lb,Mexico,Jacobson Group
128,Compatible value-added initiative,34224885.45,654957052.15,1997-07-01,cmn,United States of America,"Hunt, Burnett and Montgomery"
129,Devolved radical encoding,96807454.25,423275556.37,2001-10-27,sr,France,Howard PLC
130,Optimized clear-thinking ability,26424759.14,654467878.7,2000-01-09,ky,France,Bailey LLC
131,Focused optimal toolset,95735786.41,661303285.59,2004-06-17,ro,Saint Helena,"Howell, Hayes and Adams"
132,Reverse-engineered directional hierarchy,79896997.66,816578979.35,2020-01-13,raj,Costa Rica,"Glover, Jones and Aguilar"
133,Cross-group static frame,78761900.24,981289205.89,2020-01-24,bs,Sweden,Gardner-Nguyen
134,Integrated web-enabled parallelism,75217109.17,83361920.74,2000-04-25,vi,Christmas Island,Richards Group
135,Grass-roots bi-directional approach,10488499.66,823527801.48,1995-10-11,ms,Nicaragua,"Christensen, Baldwin and Hines"
136,Reduced fault-tolerant secured line,99224706.29,952263250.65,1995-10-01,fur,Cote d'Ivoire,"Pham, Perkins and Owens"
137,Secured foreground solution,62677695.35,254181833.38,2015-05-12,wal,Bangladesh,"Rios, Ramirez and Lowe"
138,Seamless radical neural-net,2849957.44,854185909.18,2019-03-25,ln,Timor-Leste,Mccall and Sons
139,Persevering fresh-thinking groupware,13961683.75,430188466.05,2000-06-09,rw,Singapore,"Thomas, Gillespie and Willis"
140,Operative background leverage,48851912.43,211648548.54,2000-05-23,af,Tuvalu,Alvarez-Carter
141,Profound non-volatile productivity,54021347.16,722687106.04,2000-11-03,ml,French Southern Territories,Allen LLC
142,Optional homogeneous capability,99314661.12,557734920.73,2017-03-04,is,Ghana,"Serrano, Taylor and Stone"
143,Organized next generation emulation,48074876.9,592621942.4,2017-11-06,eu,American Samoa,Miller Group
144,Reactive coherent time-frame,22380077.38,600493588.67,2021-01-17,nhn,Wallis and Futuna,Price LLC
145,Front-line grid-enabled extranet,51610482.43,272355839.28,1996-04-27,it,Serbia,"Velez, Tran and Clements"
146,Switchable impactful structure,39698269.07,474211712.15,1997-06-05,mg,Belize,Cook-Mitchell
147,Right-sized responsive customer loyalty,49702505.25,70595435.4,1994-05-10,sc,Timor-Leste,Robinson LLC
148,Right-sized mission-critical migration,88275844.84,689479903.79,2008-10-04,cmn,Peru,"Wilson, Vazquez and Griffith"
149,Universal leadingedge superstructure,25574751.44,360544718.16,2007-01-03,wal,Lesotho,Daniels PLC
150,Balanced coherent circuit,26558670.84,608734311.38,2004-03-21,raj,Austria,Gross and Sons
151,Intuitive stable emulation,93647457.67,265128581.91,2021-05-06,es,Norway,"Jones, Martinez and Sanders"
152,Focused exuding infrastructure,59108256.27,541736714.99,1997-10-18,bn,Saint Barthelemy,"Deleon, Jones and Ward"
153,Synergized system-worthy application,38169204.49,321906799.78,2013-06-16,oc,Niue,Williams Ltd
154,Ergonomic bi-directional definition,50460552.11,631929531.73,2007-02-23,tn,Barbados,Adams-Sanders
155,Function-based static groupware,29352790.29,107303593.89,1998-01-08,ss,Malawi,"Cruz, Dougherty and Jimenez"
156,Enterprise-wide directional analyzer,95427588.2,205806491.19,2009-07-02,yi,Equatorial Guinea,"Brady, Robinson and Ibarra"
157,Distributed hybrid process improvement,15420643.25,537169562.01,1997-02-09,lg,Cameroon,King Inc
158,Polarized scalable database,68812788.53,231328449.83,2020-05-04,gu,Tokelau,Sutton-Anderson
159,Monitored empowering collaboration,34897167.54,602071554.43,2017-04-19,fil,South Georgia and the South Sandwich Islands,Tucker-Long
160,Function-based foreground benchmark,22201021.73,681306069.52,1997-01-17,sk,French Polynesia,"Ingram, Howell and Walters"
161,Visionary zero tolerance orchestration,70483403.62,597416695.1,2023-02-18,csb,Cape Verde,Kelly-Daniels
162,Right-sized web-enabled application,81337867.35,145531021.46,2005-05-10,ar,Slovenia,"Bernard, Myers and Garza"
163,Distributed static open system,31936695.14,190768677.41,2012-05-05,dv,Chile,"Powell, Cooper and George"
164,Programmable 3rdgeneration customer loyalty,78884442.64,304455394.21,2000-03-19,br,Iraq,"Allen, Taylor and Hart"
165,Phased systematic capacity,37802646.77,168456400.91,2016-09-12,yi,Saint Martin,Fisher-Walton
166,Implemented impactful productivity,48483075.71,119141416.75,2019-07-18,tl,Saint Martin,Conrad Ltd
167,Reactive mobile encoding,70049379.01,766736150.98,2022-07-27,hu,Namibia,"Salazar, Little and Gutierrez"
168,Mandatory homogeneous moratorium,33593285.68,625993687.64,2018-12-03,lo,Georgia,"Chambers, Sexton and Gallagher"
169,Expanded coherent capability,15705698.38,927513731.92,2016-12-29,af,Antigua and Barbuda,Howard-Hughes
170,Secured fault-tolerant neural-net,60599261.91,133764590.51,2005-11-26,sl,Somalia,Swanson Inc
171,Virtual analyzing attitude,22927618.96,214379069.76,2010-01-21,unm,Angola,Russell-Rogers
172,Face-to-face attitude-oriented interface,81274854.48,869393239.59,2005-11-11,lt,Finland,Rivera-Richards
173,Secured uniform intranet,13949467.58,784260376.31,2007-05-20,li,Swaziland,Doyle-Garrett
174,Organized zero-defect monitoring,71571152.02,383146075.52,2006-05-27,mn,Costa Rica,Wilson-Powell
175,Proactive exuding project,78681868.29,912701100.12,2022-08-24,hne,Mali,Cross Inc
176,Self-enabling bifurcated throughput,60417329.91,245954711.39,2016-08-16,br,Seychelles,Goodman-Fletcher
177,Multi-layered didactic ability,99748829.88,889600169.26,2010-12-05,nds,Lithuania,Franco LLC
178,Grass-roots modular utilization,50477046.2,628600682.97,2020-04-30,te,Bulgaria,Brock-Escobar
179,Advanced system-worthy instruction set,76304858.43,932471683.19,2007-02-09,mr,Marshall Islands,"Rogers, Saunders and Wright"
180,Organized coherent intranet,59969332.18,582767450.31,2013-02-19,hy,Malaysia,"Dixon, Oneill and Taylor"
181,Multi-channeled eco-centric project,24375535.78,216069790.48,2011-01-18,cmn,United States Virgin Islands,Caldwell PLC
182,User-friendly optimal alliance,47255208.91,852236044.93,2013-12-29,th,Honduras,"Anderson, Smith and Huff"
183,De-engineered maximized framework,86215308.04,479299235.21,2021-06-24,sw,Solomon Islands,Williams and Sons
184,Implemented client-driven customer loyalty,79319424.55,873837307.3,2010-12-01,eo,Antarctica (the territory South of 60 deg S),Moreno Inc
185,Synergistic context-sensitive matrix,28911728.52,794701670.5,1997-03-07,bho,Paraguay,Hardy-Taylor
186,Configurable multimedia moderator,24313933.26,982969920.55,2023-02-18,se,Niue,Gray-Walker
187,Customer-focused scalable challenge,53092079.14,89254282.61,2009-04-26,hne,Paraguay,"Hensley, York and Ross"
188,Monitored client-server challenge,85179602.07,331165753.73,2018-06-29,lt,Vietnam,"Carney, Hardy and Blevins"
189,Multi-channeled contextually-based throughput,39042352.78,786702074.24,2021-06-29,nb,United Arab Emirates,"Green, Robinson and Mclean"
190,Persevering fresh-thinking moderator,17961737.51,46939073.97,2000-02-28,ce,Reunion,Quinn PLC
191,Customizable eco-centric encryption,19102952.99,706196549.59,2008-09-18,ro,Faroe Islands,Walker LLC
192,Up-sized well-modulated instruction set,46708918.6,385095906.43,1998-12-17,bo,Jordan,King-Rivera
193,Down-sized interactive complexity,75360967.55,268563974.23,2009-07-23,doi,Nepal,Lee LLC
194,Profound actuating middleware,36422294.22,763536576.84,1994-12-14,tg,Holy See (Vatican City State),"Smith, Rivera and Estrada"
195,Ameliorated radical challenge,69234993.56,14052583.75,2001-10-22,as,Tokelau,Edwards-Hunt
196,Persevering systematic conglomeration,99464718.52,11040262.77,2017-10-27,pl,French Guiana,Powell-Johns
197,Virtual holistic collaboration,76091203.18,376610219.9,2023-07-16,yue,Korea,"Turner, Villegas and Bailey"
198,Decentralized foreground pricing structure,36261290.73,293401042.3,2022-02-10,mi,Belgium,"Brown, Allen and Gonzalez"
199,Expanded encompassing synergy,42047086.29,249937231.85,2008-09-20,om,Moldova,"Kelly, Jones and Savage"
200,Integrated coherent migration,18550595.02,33823331.09,2020-08-16,zh,Macao,"White, Anderson and Huynh"
201,Self-enabling composite benchmark,79667982.54,661812281.23,2012-02-20,lb,Lesotho,Dalton-Lara
202,Pre-emptive motivating emulation,7484092.95,529673067.28,2003-05-09,os,Philippines,Jensen Inc
203,Reactive bifurcated Graphic Interface,49692808.41,893351687.21,2012-08-11,fur,Saudi Arabia,"Saunders, Beard and Murray"
204,Face-to-face full-range access,83483967.1,491379901.25,2000-12-16,lo,Brazil,Martinez-Patterson
205,Re-engineered analyzing task-force,87297278.77,37207530.04,2023-01-23,ru,Haiti,"Tucker, Young and Ramsey"
206,Profit-focused even-keeled Local Area Network,55748575.89,613254269.14,1997-12-27,mt,Belize,Cobb Inc
207,Integrated holistic core,64607157.15,571062940.74,2000-08-03,ast,Nauru,Booth-Brown
208,Reactive 6thgeneration access,47539436.04,102055433.54,2019-12-07,bem,Sao Tome and Principe,Raymond-Hayes
209,Profound tangible paradigm,22968862.92,713497366.46,1999-09-04,yo,Indonesia,Silva Ltd
210,Enterprise-wide explicit utilization,66551218.45,464389152.27,1998-07-12,my,Iran,"Blair, Brown and Bennett"
211,Team-oriented multi-state adapter,66563626.6,189815052.9,1997-09-13,gez,Christmas Island,"Powell, Nichols and Ryan"
212,Balanced static frame,70225091.02,314353127.88,2001-02-05,ks,Ecuador,Mccann Inc
213,Enterprise-wide directional focus group,86429921.81,143095795.03,2017-09-22,hsb,Aruba,Deleon and Sons
214,Public-key context-sensitive Graphical User Interface,14673791.61,527012120.96,2011-10-10,ve,Costa Rica,"Cobb, Smith and Anderson"
215,Digitized asymmetric success,5749941.09,820470353.49,1994-02-22,shs,Argentina,Hunter LLC
216,Switchable foreground analyzer,77242339.81,550848044.29,2003-12-11,iu,Turkmenistan,Williams-Solis
217,Managed motivating database,51754342.28,497001561.43,2013-04-01,os,Tokelau,Lawson-Brown
218,Face-to-face upward-trending adapter,28402463.84,408425631.22,2011-07-06,hy,Oman,Frazier PLC
219,Robust non-volatile intranet,98346320.35,422810403.8,2018-02-21,az,Russian Federation,Hughes PLC
220,Down-sized mobile structure,22403714.96,874845721.36,1995-09-20,kw,Singapore,"Noble, Mendoza and Cowan"
221,Inverse next generation policy,35164892.7,732103592.91,2018-09-11,tcy,Sierra Leone,"Smith, Ho and Acosta"
222,Implemented leadingedge data-warehouse,97087189.79,428709282.19,2022-03-02,kn,Marshall Islands,Andrade-Stone
223,Customizable solution-oriented orchestration,42477850.52,77165994.89,2023-06-26,ks,Zambia,Goodman and Sons
224,Advanced actuating firmware,2070868.56,279873184.77,2014-04-05,hu,Palau,"Torres, Stewart and White"
225,Grass-roots cohesive instruction set,50143192.66,808922929.32,1994-11-29,cmn,Guyana,Lee-Sanders
226,Visionary multi-tasking conglomeration,55095053.25,297584917.06,2008-09-12,af,Italy,Curtis and Sons
227,Secured 5thgeneration hub,74316939.32,125029624.93,2015-02-01,nr,Kuwait,Parker-Kelley
228,Advanced asynchronous focus group,78390692.86,92220295.49,2012-10-01,et,Guyana,"Parker, Parker and Taylor"
229,Advanced dynamic forecast,29211681.96,65709861.98,2000-03-05,sat,Germany,"Norman, Johnson and Ramsey"
230,Grass-roots asymmetric hardware,59490490.23,225290357.52,2013-05-27,lg,Antigua and Barbuda,Carter Ltd
231,Proactive holistic matrix,61148799.24,403054850.85,1999-01-06,crh,Russian Federation,"Dunn, Terrell and Weaver"
232,Configurable asymmetric forecast,36124777.16,229648562.43,2006-08-21,kl,Netherlands,"Soto, Hill and Stanley"
233,Phased asymmetric monitoring,48581967.31,153411696.0,2015-11-29,dz,Tunisia,"Coleman, Taylor and Harris"
234,Advanced next generation process improvement,15985452.98,861759499.76,1996-07-22,ln,Austria,Brennan-Martinez
235,Profound heuristic Internet solution,62993760.31,812335820.25,2019-07-27,fil,Solomon Islands,"Jackson, Sanders and Cole"
236,Configurable didactic archive,50553425.0,346345095.49,2018-10-16,sc,Brunei Darussalam,"Roman, Rowland and Hobbs"
237,Persistent contextually-based superstructure,34310802.41,738959766.49,2022-06-11,sat,Mozambique,"Hendricks, Cox and Williams"
238,Business-focused national encoding,94529992.78,163685099.98,2013-01-19,mk,Czech Republic,Hughes-Serrano
239,Open-source 5thgeneration collaboration,74526680.0,155675933.8,2003-10-25,be,Guinea,Alvarez LLC
240,Expanded maximized leverage,12420805.16,30390392.18,2003-03-05,lij,Japan,Shelton-Stewart
241,Configurable intangible capability,91200908.38,276270794.28,2006-04-18,ku,Sweden,Benson and Sons
242,Pre-emptive maximized system engine,86253635.19,276592914.32,1999-06-12,szl,Lithuania,"Noble, Carlson and Drake"
243,Triple-buffered asymmetric attitude,42575146.91,621252782.3,2003-11-06,sat,Cyprus,Smith-Ellis
244,Reduced mobile website,29950721.36,434548953.95,2020-10-15,vi,Chad,Kim and Sons
245,Profound scalable secured line,20315159.55,461019039.14,2004-10-29,ko,Indonesia,Guerrero-Pratt
246,Implemented composite policy,84690219.68,614382591.82,2010-10-14,byn,Bahamas,"Gordon, Jones and Hughes"
247,De-engineered empowering Graphic Interface,20703536.49,870563858.43,2020-01-04,yo,Netherlands,"Johnson, Williams and Gray"
248,Advanced zero administration task-force,81715510.62,293348258.09,2005-11-13,th,Romania,Hampton Inc
249,Visionary web-enabled focus group,73840308.44,473423623.22,1997-06-02,fo,Maldives,Collins and Sons
250,Intuitive 24/7 challenge,22364720.18,397264263.34,1999-09-02,nl,Norfolk Island,"Johnson, Zamora and Barrett"
251,Balanced asymmetric software,89019884.22,418588614.34,2021-01-02,fy,Korea,Mayo Group
252,Organized global Internet solution,26970109.59,642798471.47,2004-01-09,kk,Croatia,Reed-Reid
253,Innovative solution-oriented access,61353494.93,704890768.92,2022-10-17,wae,Bermuda,Woods-Williams
254,Progressive scalable encoding,38299450.52,780793187.05,2018-06-13,tig,Tunisia,Wilson-Powell
255,Customizable multimedia algorithm,11348024.85,515391836.76,2023-09-19,ko,Northern Mariana Islands,Wilson Ltd
256,Cloned web-enabled hub,62412424.3,560647151.76,2007-08-24,pa,Serbia,Pena-Ibarra
257,Exclusive background standardization,33144785.25,69020161.11,2002-12-28,lzh,Central African Republic,Fernandez-Fisher
258,Compatible human-resource adapter,22708296.73,499914604.23,1994-04-04,ia,Marshall Islands,Bond-Glover
259,Diverse bottom-line architecture,97848716.81,911378445.12,2000-12-11,az,Syrian Arab Republic,"Hicks, Arias and Castillo"
260,Total attitude-oriented definition,7194110.33,338883875.81,2003-08-13,si,Saint Helena,Sutton PLC
261,Cross-platform mobile capacity,97204901.73,50183986.18,2006-07-05,pa,Anguilla,Mills-Macias
262,Open-architected intermediate open system,28491856.25,240124718.39,2002-11-05,sc,Svalbard & Jan Mayen Islands,Ramirez-Carter
263,Focused leadingedge data-warehouse,50797359.95,464278308.7,2015-12-22,pl,Grenada,Warren and Sons
264,Face-to-face attitude-oriented conglomeration,88853454.18,126577530.59,2016-08-02,lb,Samoa,Thomas Inc
265,Re-contextualized global emulation,64398640.46,992228598.33,2007-11-13,da,Cambodia,"Burton, Marshall and Cortez"
266,Reactive modular neural-net,17170790.42,906924911.81,2013-02-03,yo,Nicaragua,Conrad and Sons
267,Polarized scalable standardization,56788603.59,2575987.33,2013-05-21,ta,Sao Tome and Principe,Hernandez PLC
268,Distributed regional adapter,69192478.04,126926113.47,2020-09-27,ug,Ireland,Newman LLC
269,Optional next generation array,91237620.93,223195058.79,2005-10-20,lg,Saint Vincent and the Grenadines,Horn-Villarreal
270,Open-architected actuating Local Area Network,95221313.17,98167544.18,2019-12-22,nso,Nauru,Lopez Ltd
271,Implemented full-range groupware,76135583.4,522153228.3,1999-11-27,hu,Netherlands,Gross and Sons
272,Configurable next generation circuit,97721759.96,345131833.72,2016-03-13,yue,Paraguay,"York, Buck and Henry"
273,Distributed 24/7 concept,90988396.59,439855151.17,2013-10-24,ro,Jersey,"Powell, Campbell and Garcia"
274,Focused value-added implementation,33676051.14,79007777.76,2014-04-15,ff,Eritrea,"Reed, King and Baldwin"
275,Fully-configurable well-modulated function,83522850.89,618636571.03,1998-05-24,tt,Kiribati,"Wilson, Hall and Sanchez"
276,Business-focused cohesive Local Area Network,95637266.06,765949923.93,1996-03-31,li,Nigeria,Sparks and Sons
277,Automated didactic focus group,64713212.8,865355252.59,2009-05-20,hsb,Brunei Darussalam,Thompson-Lee
278,User-friendly system-worthy analyzer,2817155.01,508391403.44,2000-10-09,te,Algeria,Williams LLC
279,Integrated incremental approach,2551548.91,658764661.72,2018-07-16,gv,Togo,Anderson LLC
280,Optional radical pricing structure,41479713.25,815802108.35,2002-11-15,mi,China,Cole Group
281,Configurable clear-thinking time-frame,85402603.62,24200491.72,1997-12-29,ce,Djibouti,Watson Group
282,Fundamental zero administration hub,90900544.0,870351999.19,2012-09-12,quz,Slovenia,Gay Inc
283,User-friendly interactive definition,5051120.71,56589592.29,1999-05-31,sw,Estonia,"Moreno, Trujillo and Jones"
284,Operative scalable matrices,15548246.03,726651281.49,1997-12-16,ak,Aruba,Armstrong and Sons
285,Object-based multi-state access,94271204.7,444306194.0,2016-12-03,pa,El Salvador,Sexton-Smith
286,Down-sized analyzing customer loyalty,98390639.41,262842689.61,2013-04-02,el,Philippines,Pitts-Lawson
287,Down-sized composite definition,79780047.64,473702622.63,2007-08-08,mk,Romania,Adams LLC
288,Function-based analyzing matrix,99315855.95,598893837.42,2019-07-22,sid,American Samoa,"White, Goodwin and Fuentes"
289,Multi-tiered global toolset,67228718.94,908925602.09,2004-02-04,nb,Saint Helena,Kelley-Copeland
290,Future-proofed radical customer loyalty,78940649.52,894963525.37,2000-06-30,szl,Grenada,West Inc
291,Organic bi-directional firmware,97524215.85,991424057.78,2005-04-13,mai,Algeria,"Simpson, King and Rodriguez"
292,Extended heuristic conglomeration,64851827.87,840645858.75,2009-09-08,ff,Reunion,Irwin PLC
293,Self-enabling systematic concept,35039985.96,491820298.91,2017-09-21,fi,Tuvalu,"Levy, Valdez and Hall"
294,Re-contextualized real-time instruction set,83081212.57,545137233.45,1994-01-21,byn,Svalbard & Jan Mayen Islands,Romero LLC
295,Progressive multi-state groupware,42940959.76,630132293.15,2010-11-21,tg,Pitcairn Islands,Freeman-Bell
296,Phased uniform array,61589542.94,657164689.68,2008-05-09,nds,Tunisia,Harrington-Freeman
297,Devolved background hub,7679522.07,849681785.93,2017-02-19,bn,Kuwait,Stephens LLC
298,Seamless hybrid hardware,37084785.34,460069644.77,2010-06-09,ps,Panama,Rios-Reed
299,Triple-buffered background software,75853105.47,993026121.51,2020-11-27,zu,Sweden,"Velez, Jones and Hardin"
300,Synergized transitional protocol,70290674.88,237331409.79,2014-06-29,cs,Czech Republic,Stout Inc
301,Stand-alone holistic approach,77302955.91,164751205.65,1997-11-16,sk,Saint Helena,"Macias, Wilson and Watkins"
302,Virtual static core,47876455.08,783650969.65,2000-11-20,yo,Czech Republic,"Cannon, Walker and Long"
303,Face-to-face regional service-desk,12552626.65,665656747.06,2001-08-11,gd,Senegal,Hamilton Ltd
304,Cloned full-range instruction set,27071848.32,451859314.96,1999-04-10,mk,Cayman Islands,Roberts-Huang
305,Business-focused client-driven Internet solution,51753389.65,421308693.37,2023-09-03,ht,Greece,Scott Group
306,Diverse static function,31237683.99,449225374.29,2015-10-26,ig,Mozambique,Bush and Sons
307,Focused object-oriented attitude,56806031.82,837120931.79,2019-08-09,bo,Tuvalu,Jimenez-Flores
308,Synergized encompassing solution,71911063.56,901282060.53,1997-01-06,es,Mongolia,Sweeney-Collins
309,Customer-focused radical open system,87943516.89,928173110.82,2002-09-10,yue,Libyan Arab Jamahiriya,Watts-Acosta
310,Balanced multi-tasking ability,70074068.44,262897921.98,2002-11-13,fi,Mexico,Clay-Keller
311,Polarized scalable approach,23134136.61,707857788.84,2017-09-26,ms,Papua New Guinea,"Turner, Norman and Sosa"
312,Phased eco-centric concept,1942735.07,577660027.45,2013-11-19,mr,Iran,Williams PLC
313,Grass-roots discrete help-desk,33927497.47,533099107.03,1994-02-09,ta,Guernsey,Rodgers and Sons
314,Monitored reciprocal circuit,92655480.23,174257144.04,1994-08-31,th,Tajikistan,Olsen-Montoya
315,Configurable human-resource software,6090521.28,350952665.65,1995-04-18,hi,Palau,Cunningham LLC
316,Multi-layered bandwidth-monitored artificial intelligence,49164568.5,100314070.13,2003-08-03,as,Ireland,Johnson-Herrera
317,Ameliorated asynchronous toolset,71240962.19,231254874.89,2023-03-31,wo,Nigeria,Scott-Mendez
318,Object-based zero administration projection,83658544.53,477104816.04,2005-01-08,fo,French Guiana,Whitehead and Sons
319,Implemented client-server parallelism,43623922.62,311058986.18,2008-10-12,shs,Yemen,Holt-Salinas
320,Cross-group directional projection,53031754.86,190192335.38,2014-07-20,ks,Colombia,Franco-Phillips
321,Future-proofed systemic middleware,97958915.38,338933429.6,1995-10-11,fil,Canada,Gomez LLC
322,Extended asynchronous moratorium,72233641.42,264306199.32,2012-10-26,os,Nigeria,Campbell and Sons
323,Monitored maximized complexity,22521284.27,988075419.91,2014-01-17,gez,British Indian Ocean Territory (Chagos Archipelago),Fowler-Payne
324,Stand-alone mission-critical synergy,50051053.07,228247706.36,2008-07-23,tn,United Arab Emirates,Graham-Jackson
325,Business-focused zero tolerance approach,46658587.77,418198438.37,2015-04-10,bem,Yemen,Patrick Inc
326,Proactive attitude-oriented Graphical User Interface,94470916.64,372304023.13,2023-08-10,fur,Colombia,Rojas-Brown
327,Robust optimizing Graphical User Interface,77831235.4,129932252.92,1996-10-04,hsb,Oman,Arnold Inc
328,Customer-focused interactive flexibility,20641364.3,781076817.09,2001-02-02,dz,Ukraine,Guzman PLC
329,Intuitive radical collaboration,72270090.55,877519319.05,2005-11-19,km,Belize,"Sellers, Mullins and Neal"
330,Expanded multimedia service-desk,79113862.46,249143086.05,2022-03-25,kl,Mexico,"Deleon, Miller and Robertson"
331,Customizable 24hour initiative,65117555.19,484565035.95,2007-07-02,gd,Estonia,Schroeder-Marshall
332,Re-engineered non-volatile Internet solution,20908421.77,764054853.3,2020-07-03,kn,Saudi Arabia,"Patrick, Ward and Gilmore"
333,User-centric systematic complexity,30023145.01,641696432.4,2009-01-15,lij,Burkina Faso,Estrada PLC
334,Reactive scalable project,32271281.82,189857681.47,2003-01-19,br,Gambia,Davis-Chapman
335,Multi-channeled explicit time-frame,39534315.76,730054647.32,2021-12-03,bo,Spain,"Church, Baird and Cox"
336,Mandatory intangible infrastructure,42990335.33,571352530.06,2003-11-02,it,Zimbabwe,Sanchez PLC
337,Extended zero-defect encoding,52022332.53,70003059.55,2007-01-25,tn,Morocco,Rodriguez Ltd
338,Quality-focused radical encoding,7598176.07,810951515.23,2001-08-18,is,Egypt,Ross-Collins
339,Versatile national encryption,65099667.84,734222361.31,2003-03-24,tg,Togo,"Mclaughlin, Robertson and Landry"
340,Automated heuristic portal,71764637.87,848483036.14,1994-10-03,yo,Moldova,Parker PLC
341,Monitored systematic success,83428649.7,475438199.71,2011-12-21,szl,Norfolk Island,"Jennings, Gonzales and Murphy"
342,Enterprise-wide coherent website,29052997.55,947580050.9,1997-12-19,doi,Slovakia (Slovak Republic),"Cook, Fleming and Huang"
343,Reverse-engineered cohesive instruction set,32244279.5,180415672.74,2011-09-08,eu,Honduras,Underwood Group
344,Implemented mobile standardization,98348351.4,305342193.64,1999-08-08,mr,Bosnia and Herzegovina,"Harris, Clark and Walker"
345,Visionary responsive benchmark,50893320.0,170967793.81,1999-04-12,shs,India,Pitts-Bennett
346,Stand-alone asynchronous solution,40840693.33,345192997.58,2017-02-06,ca,Singapore,Blake LLC
347,Organic contextually-based migration,58694535.79,467087623.88,2021-08-18,sl,Ukraine,Mcmillan LLC
348,User-friendly stable workforce,75703669.67,256409319.27,2013-11-18,unm,Dominican Republic,Pratt Inc
349,Upgradable empowering project,26797481.09,432644554.69,2009-06-30,tg,Anguilla,Lopez-Hoffman
350,Ameliorated didactic projection,44341102.03,684236236.84,2009-06-17,ga,Gibraltar,Choi-Johnson
351,Realigned 24/7 service-desk,41099725.01,364621854.98,2000-12-06,el,Australia,"Rodriguez, Owens and Velasquez"
352,Synergistic tangible challenge,28010612.43,943686262.38,2019-08-22,mi,Saint Barthelemy,Andrews-Lutz
353,Cross-group modular strategy,27501531.22,987230828.04,2011-12-13,tig,Poland,Carter-Merritt
354,Synergistic demand-driven software,33722848.37,197248318.95,2002-10-01,wal,Armenia,"Morgan, Warren and Phillips"
355,Streamlined web-enabled firmware,32429126.1,199559605.96,2008-05-26,rw,Slovakia (Slovak Republic),"Alexander, Casey and Jackson"
356,Inverse motivating contingency,69408960.92,886958473.46,2000-09-22,xh,Sao Tome and Principe,Johnson and Sons
357,Assimilated responsive data-warehouse,28394981.8,458669103.94,2015-11-27,ne,Ukraine,Chapman Ltd
358,Customer-focused actuating complexity,10561492.34,646417826.87,2002-06-16,sq,Micronesia,Johns PLC
359,Fundamental web-enabled hierarchy,25854126.4,763154498.65,2007-05-16,ln,Solomon Islands,Wallace-Lindsey
360,Persevering methodical projection,2828078.93,207153325.63,2013-11-09,rw,New Caledonia,"Ward, Murphy and Wells"
361,Automated encompassing leverage,96124828.85,793535167.44,2020-05-30,bg,New Caledonia,"Velasquez, Blair and Dixon"
362,Team-oriented background extranet,21472361.39,105911778.7,1996-10-01,ku,Kyrgyz Republic,"Mcclain, Stokes and Hooper"
363,Balanced mobile product,3605821.87,929378459.24,1995-06-30,az,Guyana,Martin Ltd
364,Team-oriented maximized superstructure,98433331.41,698465667.23,1996-03-04,oc,Lithuania,Lopez-Torres
365,Polarized value-added contingency,93890523.13,507402539.8,2017-07-20,br,Angola,"Kirk, Byrd and Parrish"
366,Integrated tertiary access,23827996.93,754147090.4,2007-06-18,lg,Algeria,Petersen-Ramos
367,Enterprise-wide encompassing portal,9230568.55,855719399.08,2010-06-25,mt,Central African Republic,Fitzgerald and Sons
368,Mandatory next generation Graphic Interface,58670656.09,60250906.57,2015-01-30,mn,Vanuatu,Fuentes and Sons
369,Persistent high-level process improvement,99871036.54,106799918.29,2001-05-26,lg,Botswana,Rodriguez-Clark
370,Managed tangible methodology,62258225.01,306239659.29,2022-04-18,yo,Senegal,Turner-Schultz
371,Multi-layered intermediate synergy,24877837.96,744307543.48,2015-12-11,tcy,Albania,"Kennedy, King and Bailey"
372,Up-sized well-modulated product,78915301.59,950802982.24,2016-12-20,tcy,Sudan,"Allen, Goodman and Cole"
373,Profound 4thgeneration matrices,80700891.54,171901602.02,1996-02-19,af,Maldives,"Murphy, Higgins and Jimenez"
374,Switchable real-time function,90753774.34,908195160.97,2019-09-21,gd,Mexico,Mccoy-Smith
375,Ameliorated intermediate middleware,8678122.31,806833772.13,2010-03-27,mn,Ghana,"Chen, Lambert and Hoffman"
376,Vision-oriented discrete methodology,8211065.75,774389772.35,2018-11-02,hi,Philippines,Mullins-Thomas
377,Public-key real-time benchmark,5289276.16,349938506.22,2009-08-02,am,Guyana,Perkins-Velasquez
378,Realigned radical service-desk,70387140.81,481962999.22,2001-04-18,sc,Congo,Taylor PLC
379,Object-based tertiary capability,73415227.29,627997103.05,2001-06-07,lt,Saint Kitts and Nevis,Hill-Sanchez
380,Persistent motivating superstructure,74274595.66,290484602.1,1994-01-01,nr,Qatar,Mcintosh-Macdonald
381,Multi-lateral logistical time-frame,1533655.2,961076181.58,1998-05-24,ber,Mozambique,Blake and Sons
382,Organized intermediate parallelism,31155903.43,928178961.03,2021-11-15,ku,Belize,Mcintyre Group
383,Front-line next generation array,75839207.03,987474116.59,2013-03-11,mk,Germany,"Ward, Sanders and Perry"
384,Re-contextualized static Graphical User Interface,40838892.21,944563156.81,2023-08-22,et,Costa Rica,Hernandez PLC
385,Polarized global access,11611752.12,655564554.9,2022-07-17,as,Cape Verde,Villanueva and Sons
386,Profit-focused content-based secured line,30894960.87,506537301.58,2000-08-12,apn,Monaco,"Boyd, Macdonald and Dunn"
387,Object-based incremental orchestration,19722544.09,407846008.27,2014-07-22,id,Belarus,Bryant-Ramirez
388,Upgradable static frame,27131010.29,986722925.01,2006-07-28,ayc,French Polynesia,"White, Brown and Williams"
389,Enterprise-wide incremental framework,99217623.6,881727358.59,2020-12-07,iw,Seychelles,Miranda PLC
390,Extended contextually-based circuit,21146360.76,107432467.19,2000-05-17,de,Kuwait,Banks-Yates
391,Self-enabling clear-thinking database,37711878.73,259827669.24,1993-11-12,os,Mexico,Edwards PLC
392,Implemented 6thgeneration forecast,71363977.81,411131901.24,2013-09-17,ti,Grenada,Chang and Sons
393,Open-source value-added hierarchy,84088861.4,673899251.16,2021-08-15,ia,Tonga,Petersen-Moore
394,De-engineered local array,45548836.86,386524940.41,1994-03-12,nl,Poland,Padilla and Sons
395,Implemented zero administration support,8927433.35,446891303.57,2022-09-12,as,Puerto Rico,Johnson-Smith
396,Triple-buffered multi-state function,15003386.66,886502157.55,2013-12-28,my,United States Minor Outlying Islands,Cox PLC
397,Customer-focused disintermediate contingency,95339291.94,546811533.31,2008-02-28,nb,Ireland,Griffin Group
398,Ameliorated 6thgeneration service-desk,75129469.41,257594224.57,2009-05-03,hy,Latvia,Grimes-Turner
399,Open-source heuristic architecture,2114073.32,290766094.11,2020-07-29,he,Tonga,Jones-Mcclure
400,Front-line object-oriented policy,83177643.87,135407219.96,2017-07-09,fil,Uzbekistan,Martinez LLC
401,Ergonomic mobile conglomeration,81121621.53,93905319.83,1998-09-17,unm,Pakistan,"Rodgers, Howard and Henderson"
402,Organic user-facing functionalities,63637915.87,592022035.5,2018-11-07,bem,Albania,Bennett-Blanchard
403,Digitized attitude-oriented Internet solution,34182695.26,470337085.86,1998-02-01,sq,Kuwait,"Young, Nelson and Hamilton"
404,Robust 5thgeneration circuit,43508200.72,89327696.84,2004-08-13,el,Sierra Leone,Reed-Hill
405,Grass-roots local project,56847964.2,366700525.56,2009-10-12,unm,French Southern Territories,"Watson, Smith and Wallace"
406,Self-enabling asynchronous capacity,62894462.1,692455791.33,1995-04-19,he,North Macedonia,Watson LLC
407,Secured static collaboration,63576944.19,656693845.73,2019-02-04,bho,Burkina Faso,"Sweeney, Rivera and Parker"
408,Multi-lateral 24/7 service-desk,34508757.86,952645408.36,2004-10-15,ja,Chad,"Alexander, Sanders and Bennett"
409,Monitored heuristic archive,60877428.27,356039082.1,2005-12-27,mr,Morocco,Shepard and Sons
410,Switchable client-driven superstructure,11973218.76,15577747.46,1996-03-10,hy,Nicaragua,"Bates, Copeland and Alvarado"
411,Reduced 24hour product,6103463.26,51050451.31,2002-08-03,ks,Haiti,Moreno Ltd
412,Stand-alone hybrid matrix,50158490.24,111218750.0,2018-03-21,id,Monaco,Hernandez-Brown
413,Grass-roots bandwidth-monitored Internet solution,76219549.69,494379856.72,2020-11-10,bhb,Guinea-Bissau,Ramos-Hill
414,Inverse systematic database,95945594.25,663076643.04,2023-01-21,gu,Nepal,Diaz LLC
415,Focused static concept,80997757.22,426202950.33,2008-09-14,yi,Rwanda,"Holloway, Weiss and Jones"
416,Function-based 24/7 hierarchy,11225272.17,973149992.16,2007-08-17,lij,Bermuda,Roberts-Jackson
417,Re-engineered global standardization,62314264.25,869747730.39,2013-02-14,be,Belize,Jackson-Stokes
418,Proactive web-enabled approach,73361204.54,151200233.75,2000-03-08,doi,Angola,Jackson-Sanchez
419,Multi-layered human-resource utilization,80415120.67,273690006.43,2000-05-06,ha,British Virgin Islands,Jacobs-White
420,Adaptive client-server Internet solution,95645689.65,326330002.17,2007-07-17,kl,India,Thomas LLC
421,Advanced coherent application,17466228.32,148079889.51,2002-10-20,yue,Guernsey,Lee-Johnson
422,Reactive needs-based toolset,99767124.19,653724918.21,2019-06-22,as,Trinidad and Tobago,"Richmond, Brown and Pearson"
423,Team-oriented impactful workforce,69647409.96,168828869.47,2008-07-21,mag,Palau,Taylor-Byrd
424,Optimized client-server hardware,96018854.33,992673166.87,2004-10-17,bg,Turkmenistan,Taylor Inc
425,Centralized national benchmark,74261912.52,258404592.64,2011-10-11,ti,Ghana,Davies Inc
426,Profound context-sensitive archive,80583788.14,48101770.81,2021-05-16,mni,Jersey,Long and Sons
427,Total heuristic benchmark,63546334.82,51744030.41,2000-12-25,tk,Mongolia,"Gonzalez, Carney and Stevenson"
428,Ameliorated client-server moderator,6427227.87,852795545.18,2014-06-13,sk,Gibraltar,Singh Group
429,Streamlined eco-centric groupware,30278893.58,204618647.65,2005-07-09,ckb,Philippines,Mason-Combs
430,De-engineered methodical Graphical User Interface,83502947.08,126313362.66,2011-02-24,an,Lebanon,Jones Inc
431,Profit-focused foreground infrastructure,83226385.82,97706590.07,1997-03-28,it,Solomon Islands,Hartman Inc
432,Stand-alone well-modulated help-desk,80206668.02,809996558.5,2015-05-31,ur,Barbados,Love-Phillips
433,Distributed directional ability,91161169.93,33572453.46,2013-06-02,pa,Grenada,"Williams, Fields and Hill"
434,Exclusive hybrid support,14689036.83,334968839.85,2000-03-27,ts,Cyprus,Harris-Zuniga
435,Expanded eco-centric productivity,31458034.88,924928249.87,2018-09-02,fa,Croatia,Weiss-Rodriguez
436,Horizontal analyzing infrastructure,92960729.42,279686851.84,1996-07-12,yi,Russian Federation,"Smith, Valdez and Hall"
437,Ergonomic scalable Graphical User Interface,18629169.84,888780436.03,2000-08-19,gl,Bolivia,Johnson-Williams
438,Optional multi-state circuit,17048428.1,137597457.57,2018-05-19,mk,Central African Republic,Rodriguez LLC
439,Face-to-face bandwidth-monitored migration,95340454.47,921053919.8,2010-07-25,nhn,Cote d'Ivoire,Rocha Ltd
440,User-centric next generation core,72531458.54,944365271.83,2004-09-16,en,Saint Barthelemy,English Group
441,Visionary zero tolerance model,38041931.25,806276326.15,2013-06-07,kk,Azerbaijan,Johnson-Graham
442,Managed impactful capacity,21088714.49,631721247.48,2020-09-20,dv,Lithuania,Walker-Walker
443,Pre-emptive homogeneous forecast,74991289.43,964899447.6,2001-02-21,hr,Indonesia,Glover Ltd
444,Versatile reciprocal process improvement,30774823.77,701537885.11,2022-05-20,lb,Timor-Leste,Wall-Farmer
445,Open-source optimizing matrix,43521842.42,260600035.49,1994-01-07,ka,Oman,"Kelley, Cain and Gonzalez"
446,Switchable leadingedge parallelism,65397487.83,507711850.56,2021-08-19,lb,United Arab Emirates,Beard Inc
447,Mandatory asymmetric strategy,48358794.46,505884722.92,1994-10-14,ms,Falkland Islands (Malvinas),Jones-Henson
448,Secured content-based hub,83307192.77,863204687.67,2017-01-19,ce,Albania,"Mccormick, Williams and Rose"
449,Proactive client-driven software,92299114.57,942011207.85,1997-09-12,lo,French Guiana,Cook and Sons
