user_id,first_name,last_name,email,age
1,Lauren,Gallegos,maxwelljennifer@example.org,60
2,Daniel,Nunez,andreahoward@example.com,26
3,Robert,Oneill,johnathan86@example.net,68
4,Cynthia,Myers,fmoses@example.com,31
5,Timothy,Lee,bruce13@example.net,28
6,Ashley,Lynch,donald72@example.org,39
7,Renee,Farmer,hector84@example.org,32
8,Lance,Hansen,bartlettashley@example.net,39
9,Kimberly,Hines,craigjohnson@example.org,23
10,Jonathan,Mitchell,dwarner@example.net,28
11,Jennifer,Griffin,yperez@example.com,23
12,Joseph,Wolfe,johnsonrobert@example.org,29
13,Nichole,Montoya,elizabeth63@example.com,31
14,Tina,West,bdavis@example.org,24
15,Brianna,Cantrell,smithjill@example.com,70
16,Sean,Mcdonald,kimreed@example.org,31
17,Paul,Anderson,cindyguerrero@example.com,42
18,Amanda,Nguyen,qjackson@example.org,49
19,Robin,Walker,fernandorose@example.org,46
20,Stephen,Roberts,johnsonbrett@example.net,32
21,Olivia,Drake,gabriela91@example.com,53
22,Michael,Coleman,debbiewilcox@example.net,53
23,Stephen,Lewis,ywalker@example.net,43
24,Katelyn,Perez,renee35@example.org,46
25,Pamela,Brown,blakehines@example.org,19
26,Julia,Horn,jacksonbryan@example.net,21
27,Jimmy,Blake,michaeladillon@example.net,30
28,Bobby,Brooks,michaelking@example.org,40
29,Leroy,Sanchez,devin70@example.com,37
30,Melanie,Morrow,glutz@example.net,69
31,Brittany,Lewis,michael13@example.org,21
32,Laura,Long,adamschultz@example.com,70
33,Keith,Nguyen,ecox@example.org,43
34,Jennifer,Olson,crystalhughes@example.net,19
35,Michael,Page,bobbywright@example.com,53
36,Dylan,Mendoza,kara68@example.com,19
37,Devin,Marshall,amymccormick@example.net,26
38,Arthur,Whitehead,woodsteresa@example.net,19
39,Elizabeth,Duffy,thomas23@example.net,67
40,Annette,Harmon,thompsonjoanna@example.org,44
41,Gary,Suarez,cmonroe@example.org,38
42,Jenna,Johnson,ariana22@example.org,36
43,Maria,Brown,sharpamy@example.net,66
44,Tiffany,Williams,mortiz@example.com,61
45,Mackenzie,Chan,zolsen@example.net,70
46,Kim,Flores,ariaskeith@example.org,49
47,Sandra,Clark,victoria99@example.net,42
48,Tina,Brady,kchan@example.net,63
49,David,Garcia,joseph46@example.com,33
50,Katherine,Meza,mcguiremelissa@example.org,22
51,Elizabeth,Kennedy,weaverlisa@example.com,64
52,Emily,Day,xramirez@example.com,68
53,Patrick,Miller,cynthia12@example.com,69
54,Heather,Molina,lmiller@example.org,62
55,Jane,Coleman,webbbethany@example.net,36
56,Alexis,Bautista,fwebster@example.org,22
57,James,Zamora,richard99@example.com,32
58,Kelli,Woods,mitchelldwayne@example.net,66
59,Angela,Smith,hernandezcandace@example.com,67
60,Jennifer,Rivera,morristiffany@example.com,52
61,Carrie,Hall,sgreen@example.net,34
62,Jennifer,Dunn,nicholas61@example.net,44
63,Rebecca,Jones,annrose@example.org,40
64,Patricia,Williams,rodriguezcharles@example.org,45
65,Lori,Gomez,christiangarcia@example.net,57
66,Gregory,Brown,lawsonevan@example.com,58
67,Katherine,Campos,xsmith@example.org,36
68,Kristen,Hall,jordanbeth@example.org,69
69,Nathan,Green,ryanmoran@example.net,60
70,Jacqueline,Davis,farleymary@example.net,46
71,Ruth,Torres,jonvance@example.org,33
72,Marissa,Watkins,ashleygreen@example.com,32
73,Mitchell,Crane,vwilkinson@example.org,23
74,Thomas,Moore,sarawright@example.net,69
75,Kimberly,Romero,jillstafford@example.com,41
76,Richard,Fuller,susan69@example.net,42
77,Justin,Powell,angelagutierrez@example.org,38
78,Michelle,Thompson,zabbott@example.net,22
79,Karen,Wu,davidjackson@example.net,64
80,George,Payne,david10@example.net,31
81,John,Shelton,bdavis@example.org,47
82,Jose,Martin,kelly93@example.net,55
83,Tina,Davis,houstonthomas@example.net,54
84,Nancy,Cameron,awarner@example.com,53
85,Jessica,Bennett,tross@example.com,52
86,Samuel,West,hernandezalex@example.net,55
87,Kimberly,Jackson,jessicacuevas@example.com,63
88,Michael,Herman,waustin@example.com,58
89,Brandi,Barrett,daymegan@example.com,69
90,Sherry,Marshall,vincent75@example.com,52
91,Russell,Guerrero,ashleymoody@example.com,50
92,Rachael,Clarke,allison04@example.com,62
93,Kathy,Daniels,mcguireedgar@example.net,25
94,Samantha,Camacho,stephanie89@example.org,19
95,Jennifer,Chapman,nancy23@example.com,65
96,Thomas,Holland,natalie94@example.net,22
97,Patricia,Rodriguez,abigailzimmerman@example.net,18
98,Meredith,Mcdaniel,owilliams@example.com,28
99,Joshua,Booth,tiffany11@example.org,56
100,Steven,Mitchell,jscott@example.com,59
101,Adam,Green,scott31@example.com,68
102,Wendy,Patel,kathrynjones@example.net,51
103,Tony,Thompson,kwoods@example.net,39
104,Victoria,Ferguson,andrew17@example.com,31
105,Carla,Carrillo,kanderson@example.net,45
106,Michael,Ellison,kimberly60@example.org,30
107,Heidi,Watkins,gduran@example.net,45
108,Tanya,Cox,oreid@example.net,20
109,Jessica,Lopez,aaronbruce@example.org,33
110,Jamie,Miller,baldwinmichael@example.org,59
111,Kara,Reyes,richardflores@example.com,29
112,Rachel,Martin,lmassey@example.com,50
113,Angela,Owen,carolineparker@example.net,18
114,Brittany,Roman,james61@example.com,45
115,Kristin,Stewart,john35@example.org,61
116,Joshua,Sanders,hstewart@example.net,42
117,Alexis,Turner,ugallagher@example.org,46
118,Teresa,Daniels,dbell@example.org,59
119,Patricia,Benson,dustinwells@example.com,44
120,William,Fields,christy45@example.net,29
121,Laura,Martin,toni62@example.com,33
122,Maria,Howard,dennis53@example.com,48
123,Joseph,Ramirez,joshuagarcia@example.org,18
124,Jacob,Henry,andersonanthony@example.org,70
125,Thomas,Mccoy,jjones@example.net,48
126,Abigail,Huffman,watsonalan@example.net,39
127,Michelle,Perry,caroladams@example.net,34
128,Russell,Hernandez,jking@example.net,51
129,Juan,Castillo,millersuzanne@example.com,30
130,James,Wright,craigparker@example.org,51
131,Colleen,Manning,kennedydavid@example.org,30
132,Gary,Shepard,cfleming@example.com,44
133,Michelle,Gonzalez,anthony42@example.com,67
134,Elizabeth,Daugherty,steinjustin@example.net,31
135,Daniel,Williams,davisjessica@example.com,44
136,Donald,Beck,melindastephens@example.net,64
137,Jose,Hopkins,wbenjamin@example.org,42
138,Valerie,Dunn,nicholasvalencia@example.net,54
139,Robert,Jimenez,lgilmore@example.com,56
140,Duane,Phillips,hornwilliam@example.org,49
141,Amanda,Strickland,chapmanronald@example.org,62
142,Thomas,Murillo,robertsjennifer@example.com,50
143,April,Gilbert,hollyrodriguez@example.org,22
144,Chad,Mcclain,laurajackson@example.org,55
145,Melanie,Guerrero,chad08@example.org,25
146,Wendy,Hill,jsmith@example.com,60
147,Timothy,Diaz,iwilliams@example.net,37
148,Nicholas,Stewart,lisa73@example.net,64
149,Matthew,Harris,grantkristina@example.com,60
150,Adriana,Robinson,susanarmstrong@example.net,46
151,David,Ramos,martintom@example.net,26
152,David,Crawford,jacksonrobin@example.org,55
153,Sharon,Cline,bcaldwell@example.org,23
154,Mary,Pace,pamelayoung@example.net,40
155,Steven,White,mcintoshjennifer@example.com,47
156,Jennifer,Gonzalez,galvanjulia@example.net,21
157,Robert,Padilla,yfriedman@example.com,62
158,Arthur,Woods,freemanricky@example.net,27
159,Hector,Martin,joshuawells@example.org,30
160,Sandra,Hughes,gregoryleslie@example.net,32
161,Lindsey,Flores,gina30@example.com,22
162,Patrick,Garcia,udiaz@example.net,50
163,Amanda,Smith,cbarr@example.com,70
164,Eric,Carson,weissmitchell@example.net,64
165,Amanda,Campbell,johncastillo@example.org,55
166,Tracey,Stewart,dyerelizabeth@example.net,53
167,Scott,Harrell,greeneholly@example.com,45
168,Margaret,Davis,klopez@example.net,52
169,Mary,Hansen,teresaparsons@example.net,25
170,Deborah,Peck,lori63@example.org,63
171,Tony,Campbell,randallstephanie@example.com,43
172,Andrew,Leonard,qcardenas@example.com,56
173,Thomas,Brown,ericmyers@example.org,26
174,Jeffrey,Mendoza,amyperry@example.com,63
175,Roy,Love,toddtran@example.org,56
176,Donna,Hubbard,kristina40@example.com,45
177,Wendy,Stephens,justin51@example.com,35
178,Kimberly,Peterson,margaretnelson@example.net,28
179,Amy,David,kevinperkins@example.com,47
180,Anthony,Scott,antonioclarke@example.org,52
181,Brooke,Gallegos,kimberly25@example.com,49
182,Rebecca,Beck,nmatthews@example.com,64
183,Christine,Duffy,stephanie12@example.org,67
184,Robert,Reyes,ijohnson@example.com,63
185,Christina,Holmes,jnoble@example.com,65
186,Thomas,Thomas,michelleguerra@example.org,55
187,Mark,Rodriguez,amykemp@example.net,65
188,Kimberly,Davis,anthony64@example.org,26
189,Jessica,Berry,hbaker@example.com,51
190,Brian,Johnson,david77@example.net,48
191,Gwendolyn,Smith,julian99@example.org,52
192,Anthony,Jordan,rebeccacastro@example.net,41
193,Travis,Davidson,michele71@example.org,47
194,Julia,Martin,scarter@example.org,66
195,Andrew,Alexander,erica69@example.net,53
196,Theresa,Ramirez,adamsmatthew@example.net,37
197,Joshua,Johnson,jessicabrown@example.net,62
198,Shannon,Harris,wcannon@example.org,70
199,Chad,Ramirez,paulsandra@example.net,29
200,Christopher,Jones,patelfrank@example.org,47
